Date,GM,DELL,CPB,PEP,PG
2019-01-03,-0.04131978801050906,-0.04223253078219513,0.012399271374525123,-0.009333605664552769,-0.0070113141206163965
2019-01-04,0.033488286317743476,0.019720730010286847,0.005511064192398107,0.020506068095250907,0.0204106760118572
2019-01-07,0.03090323040666676,0.006518882901261902,0.025883242795366135,-0.008598853972200504,-0.004000724528942179
2019-01-08,0.013096589743562426,0.011873923496850347,0.007498613712444202,0.009586383015334432,0.003690717275812938
2019-01-09,0.010629154000894259,0.0014936308420450128,0.017564495457978113,-0.02794350345678054,-0.01633111418462807
2019-01-10,-0.01279132540972483,-0.03728171658392965,0.008777055439713743,0.006139968131374518,0.0024186204922860277
2019-01-11,0.07054411595267518,-0.015932779170475087,0.016241252233744508,9.257980843990765e-05,0.0065811975491805175
2019-01-14,0.012909842312469166,-0.03755343202551453,0.0,-0.007766294459819578,-0.006755976256618168
2019-01-15,-0.0029205288019004128,0.004906442743224604,0.013984259994516801,0.015560787258376285,0.009435193905742656
2019-01-16,0.0031956586299173306,-0.009067528495861676,-0.007036413444202472,-0.005963759225767418,-0.006955872326016022
2019-01-17,0.01566231550821806,0.025574659832059643,0.014172364352562195,0.008122661932591146,-0.0001435178793707248
2019-01-18,0.00914786521673805,-0.008235858691372666,-0.00810504034226378,0.007782514647230565,0.008605433251687167
2019-01-22,-0.01191392462759977,0.016378269203569884,-0.0028175276280020256,-0.0014537069408958603,-0.010719479407873655
2019-01-23,-0.012581917435020351,0.012709951930982122,-0.0002829144225385827,0.007460601792300237,0.04865094062764386
2019-01-24,0.01300764189255288,0.007619999508044595,-0.01865433209024836,-0.011108147429679915,-0.00569394659017608
2019-01-25,0.012578621039059712,0.021129688044160266,-0.013824958427042233,-0.001369677835415417,-0.007422900745114647
2019-01-28,-0.004658373665322513,0.02156402216538522,0.010806283894719604,-0.004846942271145682,-0.0008548815533470089
2019-01-29,0.00025995107722831534,-0.0010661365811454049,-0.0034674299303929512,0.0016539476658483654,0.00021388042906433924
2019-01-30,0.01611647428140528,0.024546385188236375,0.01159757437350284,0.016697232980469767,0.010476987352996625
2019-01-31,-0.0017905386726838612,0.012291782502985793,0.015477274248505868,0.01669367115002829,0.020630320527022628
2019-02-01,-0.006150849321942764,0.021815162792670373,-0.011854633011408544,-0.004260099700339359,0.01036611940859844
2019-02-04,0.003868138231808871,0.023766347847639535,0.0,0.008022102122726471,0.005745346034982557
2019-02-05,0.009504051034445737,0.0047216362788193855,-0.0014279221859447855,-0.0016799580052622165,-0.006018629955276578
2019-02-06,0.015521808752734234,-0.002545540341341135,-0.022025260147708225,0.00132865984259678,0.0049260988794364025
2019-02-07,-0.03157135915026876,-0.009815513667129738,0.0002924593962458921,0.00035365528324682316,-0.007965736383366617
2019-02-08,0.001293786566104016,0.02081693864819867,0.0026315573500359513,-0.0006189077109880481,0.005867599961261183
2019-02-11,-0.0018085828799454529,0.010293248393050458,-0.0037912043674981355,-0.0004424163982063023,0.005731323441373171
2019-02-12,0.010354280685673567,0.03037296590494165,0.011709805724990696,0.007258441679917738,0.010074517497077995
2019-02-13,-0.0007684642985725798,0.006529791311991495,0.0028934096855433022,0.0029002811148259866,-0.00020168415298371656
2019-02-14,-0.0028205985568885428,0.007970264562670248,-0.006058933917642451,-0.013406932940289384,-0.007859784635294353
2019-02-15,0.005142791004544955,0.011401227069405495,0.009869592119959192,0.02948754795314268,0.0002034963217194541
2019-02-19,0.011256002238147378,0.0007273708211530394,0.006323329950528533,0.0001724645414622472,0.015332889783693737
2019-02-20,0.010625090950646898,0.009084199708646157,0.004855987677704121,-0.0008625475717959352,-0.007100728523066757
2019-02-21,-0.008260371732998206,0.0,0.007390584506288045,0.0023311506634451362,0.005036187060882602
2019-02-22,0.00933863702266069,0.01152335909884239,-0.07364560329207681,0.005684551765431589,0.004710471876242961
2019-02-25,0.0037508945999937815,0.008187911058427089,-0.017362224554474448,-0.005995135081925507,-0.006783071903678883
2019-02-26,-0.000747314868529636,0.0015889707197502823,0.020148783044744434,-0.0007754605505061463,0.002611244762784848
2019-02-27,-0.0027424401346496374,-0.008461158910140432,0.10027357745752141,-0.005173798832329046,-0.009215691757528455
2019-02-28,-0.01299997857051527,-0.007644580389272293,-0.00524704469571291,0.010468303799802348,-0.0036396224024459745
2019-03-01,0.0012662778859477974,0.014869337639624725,0.009161499190939448,0.004669620157519372,-0.001116258311840812
2019-03-04,-0.007083051403455887,-0.023124378786258948,-0.009628670555882124,-8.607936872762068e-05,0.0043682107689013705
2019-03-05,0.0007642602749224903,-0.003975496814037971,0.0027776124714988804,-0.0012051409486112385,0.002225118243405211
2019-03-06,-0.015529504869886468,-0.025217544584203666,0.0011081861572945773,0.00542964077232444,-0.0016147767885335007
2019-03-07,-0.006529248936243293,-0.0111669805079887,-0.006087488142537345,-0.0048002426229198925,-0.0038409848992538853
2019-03-08,-0.0013141994021598213,-0.01468105444878276,0.002784165146955342,-0.007493547184201255,-0.0014207475223111388
2019-03-11,0.016583159330303632,0.034383914177735786,-0.003331576006029291,0.011802414465078348,0.011889198736727558
2019-03-12,0.0,0.010157047045141532,-0.023676905573960627,-0.00017162702418926923,0.004719760471341594
2019-03-13,0.004660919147546183,0.004570404496279767,0.006276611598199366,8.586509451236068e-05,0.011294128849983265
2019-03-14,-0.019845640182693858,0.0405822306450061,0.010490643496927632,-0.009263937693087754,0.0013838180113521226
2019-03-15,0.0010521226444779597,0.053340463448264375,0.01038117870465105,0.0013853040684037587,0.011054318811316799
2019-03-18,-0.0023640746867553686,0.004316744636384984,0.015273819561949287,0.013920045794491909,-0.009078560184139661
2019-03-19,0.007635519266783408,-0.000826612740057131,-0.007111438832161476,0.006992241563670287,0.0038420099959202147
2019-03-20,-0.03318527958131101,-0.013401747571788136,0.0005508588813596393,0.0019477311634803485,-0.0017663713359251654
2019-03-21,0.009459603142626394,0.018111681396910218,0.04240081124087358,0.009466011680225206,0.007569542597130274
2019-03-22,-0.024364425147738178,-0.019107206622338557,0.010037088855018084,0.010716637406755103,-0.00809824276386617
2019-03-25,0.008507167884486355,-0.03795134673917877,0.0010458252431637671,0.0010767340816975057,0.0029509865495442877
2019-03-26,0.0032653186318105654,0.027928061904900936,0.006269656044779026,0.009681534531043479,0.010396067706898604
2019-03-27,-0.007051612360537973,-0.02292398709947918,-0.01479744341346978,-0.0010654034197119522,-0.0011646131941212001
2019-03-28,0.012291768141235782,-0.010775227392551656,0.009222720015383823,-0.0004101642059516353,0.006316769143363876
2019-03-29,0.001079226139610423,0.031096360944902868,-0.004438509942218727,0.005827299868233826,0.004828679171986705
2019-04-01,0.01778982299301779,0.029647428566815792,-0.007343390517219883,-0.004487928198757429,-0.003940292649083577
2019-04-02,0.0013241573384417116,0.013900227669947585,-0.006076586729649502,-0.0026229233429614363,0.0010611066282839587
2019-04-03,0.015339806279716983,0.005222844321814524,-0.0098354417940002,-0.0009861917619413685,-0.0005783739012418243
2019-04-04,0.010419313477272318,-0.020295658051212695,0.00536928001846082,-0.0007404269809725417,-0.00250749032048303
2019-04-05,0.0038668867605404778,0.03082552451103049,0.021628717593197067,0.0012348179039685103,0.0021271831339435554
2019-04-08,0.003081779178172317,0.004662420566520664,0.007056863551753612,0.003124563996870444,0.012735018624408845
2019-04-09,-0.005120346684132637,-0.012162004813323968,0.02491601837698787,0.001393399416400376,-0.002953168707244491
2019-04-10,0.010036167675579799,0.02527116725916967,-0.0002556512588103299,-0.0010641656289551715,-9.535358848022923e-05
2019-04-11,0.002038121386439107,0.009006301379296922,0.013544650212526932,-0.003031724052285245,0.0009555030711840828
2019-04-12,0.00966176904662408,-0.00548062788150272,0.0037820787031419556,0.0046025832906997355,0.002959452011164876
2019-04-15,-0.003525472228207205,0.005825753066048378,0.0007536093706990155,0.011699303008581019,0.006377204223137589
2019-04-16,0.0022743570084819975,-0.017063241414517205,-0.010290990348255091,-0.010108444964449737,0.006526054845021445
2019-04-17,0.008320757398062817,-0.000637067107021827,-0.007608609737375649,0.037578810184843325,0.001665437169034334
2019-04-18,0.007751966835511492,0.0015936201337851674,0.006644411247443971,0.0006296451805998249,0.0018895520999102633
2019-04-22,-0.01985109012358388,0.0063643381976503655,-0.0017769874660752416,-0.005114439418459793,-0.0003772936074073474
2019-04-23,0.008354461008034386,0.027668047842764887,-0.010681567916737134,0.00514073137765747,-0.026884159370436755
2019-04-24,-0.002761848417575097,0.019230551972296173,0.00257060963507616,-0.0013375934958316238,0.005137710815463992
2019-04-25,-0.015357458790979273,0.011320748420370341,-0.021025732247139106,-0.006224288711467074,-0.003954052382507678
2019-04-26,0.01457422879012138,-0.024477498697149658,0.012048368344810045,0.0021405942289578483,0.024980403647917315
2019-04-29,0.008316664826719,0.0029070215206936645,-0.007764057603732222,0.002294396764312534,-0.010202169552591456
2019-04-30,-0.026493472545481067,0.028375287557259155,0.00912917160502591,0.010734870673674513,0.016224561569290863
2019-05-01,-0.005134807280520515,0.017356575388934647,-0.009563496124954995,-0.006325828758715124,-0.014556708828007636
2019-05-02,-0.012903170219202065,-0.00641598076023242,-0.010699193096943449,-0.0032222133391529573,0.006003944084801871
2019-05-03,0.014379137893229643,0.008218555187662346,0.00949609143307395,0.006623097070473483,0.004926460851115033
2019-05-06,-0.01829903547144851,-0.007423790379955664,-0.0015682104534566754,-0.0031330279804244743,-0.0037709091952311535
2019-05-07,0.011551525434360999,-0.01026545889387287,0.0005237474654444796,-0.010136034169547559,-0.009273168381996433
2019-05-08,-0.008305143528406611,-0.005778433631489888,0.00941672067401167,0.00031760119642276763,0.0035336693250151985
2019-05-09,-0.01648778588754507,-0.0001492131770297611,0.009587942942947958,0.00023800595867107255,-0.007899442859741979
2019-05-10,0.008248991635298797,0.0010434711787870032,-0.00564685516368213,0.015549317025454812,0.01697992987512431
2019-05-13,-0.03510152802418065,-0.04645619596809458,-0.0005160209410924876,-0.006639968352913916,0.000943510063747599
2019-05-14,0.013129040488699006,0.032948235984446406,-0.0012917848679195876,0.0019658945404603667,-0.004806414837787543
2019-05-15,0.008909320153647204,0.026454725198016282,0.008016795253499742,0.015226559145723462,0.010416657468407253
2019-05-16,0.0002678105881628312,0.027982411899307724,-0.0012824997605279664,0.007112386115573299,0.01321468760834743
2019-05-17,-0.010166114329669185,-0.005300655554110079,0.005137256644657917,0.0018423908039670867,-0.00610507561303042
2019-05-20,-0.0008108138078830596,-0.020596286156488453,-0.009711233491725091,-0.0039842533711811345,-0.001116817747903398
2019-05-21,0.004327958194297876,0.024264592325262013,-0.008516130045441606,-0.007231435070060854,-0.008944215467417527
2019-05-22,-0.04255323528503652,-0.00933242971712267,-0.01457571612290387,0.00790386812785604,0.0032904310681469706
2019-05-23,-0.0118143887695642,-0.04782592823922183,0.006603230616285094,-0.0007689367772929501,0.0003747660293895727
2019-05-24,-0.00028454352691531515,0.006392503526335913,-0.015219173827683674,-0.003616142712797865,-0.0006554757515261356
2019-05-28,-0.007688183478239852,0.004386063905314153,-0.019983995939800714,-0.014440106518110674,-0.020901739608066405
2019-05-29,-0.0017214399844315276,-0.0031622884807520624,-0.015225817690352361,0.004230873054286377,-0.0025848464149863526
2019-05-30,0.0008622042250434614,0.0031723202726072763,-0.011595725626171394,0.0034330477264286063,0.010941491954469473
2019-05-31,-0.04250429171162473,-0.10329773784579155,0.01424619469093158,-0.004743020213433535,-0.02297537523693749
2019-06-03,0.010797940492816682,-0.06196478661740301,0.029192753625877588,0.007656250052439306,0.008648371604602412
2019-06-04,0.06023736570145588,0.03258164316954626,0.019802029718805514,0.0006978315464223339,0.008477850595492775
2019-06-05,0.003078431323984443,-0.05513189828921894,0.10023629331668693,0.017974737555412013,0.019583448731590902
2019-06-06,-0.007614208640158715,-0.023302725350869413,0.025757299627608976,0.011844848569816602,0.006090052815775682
2019-06-07,0.008525269711462835,0.020101505102252837,0.0016273231827255152,0.011289681749820257,0.01294469435368617
2019-06-10,0.014652145278031048,-0.00184168704058707,-0.02483735297343459,0.0008991243219262923,-0.0004595116177100733
2019-06-11,0.005276201214701182,0.0025830463120004588,0.012377907728098547,-0.0029193694110994928,0.006070431476731919
2019-06-12,-0.014641052292032497,-0.024107397471269776,-0.0023513063926180466,-0.00045066550962979957,0.0027429339535107733
2019-06-13,0.009812380509798935,0.015085748489709117,0.004949421913503338,-0.0015020628620386889,0.011214323541987259
2019-06-14,-0.009994587038791969,-0.046628269877467265,-0.00891183227136938,-0.001579580274340131,0.002614675522734533
2019-06-17,0.013460426473399734,-0.013445151111783682,-0.021060182367569236,-0.0015821435555105623,-0.001888521648817476
2019-06-18,0.015495258103247922,0.01738100445917712,-0.012327736719411342,-0.0034713511037847145,-0.01252358626568073
2019-06-19,0.0021800481404252725,0.03708029371631549,0.009789416171142706,0.005982338454547209,0.007481828535628399
2019-06-20,0.004893816008922469,0.01853231420644952,-0.005574381590560784,0.009860637631197378,0.011954253056102981
2019-06-21,-0.0010820868803023131,-0.007719085400740289,-0.008286665661644488,-0.0014907062589636366,-0.004832654332034836
2019-06-24,0.0010832590607199322,-0.012780093328245812,-0.0039320413189088965,0.0013436258695636027,0.010161867185539464
2019-06-25,0.019480578914865765,-0.01857425896291698,0.012583340635095697,-0.002460019360197907,-0.005430169328006884
2019-06-26,0.011942737305514317,0.01758749140731619,-0.01413293540486893,-0.011135217351036508,-0.017812411293622654
2019-06-27,0.004982953164832882,-0.019162151241237657,-0.017547785665986915,-0.004761331076493569,0.00045541410893767953
2019-06-28,0.005480035943651762,-0.02700623813029257,0.008050158401686547,-0.004252369337733097,-0.0011841554365591422
2019-07-01,0.005709951526509993,0.014960625392860027,0.0012479380925509709,0.005643152846842803,0.007660715573765575
2019-07-02,-0.01058065637290484,0.012024723122937786,0.012961014787793212,0.004246759225781771,0.008960317596104828
2019-07-03,-0.004694797667580297,0.01418166207097138,0.025344565117060958,0.011779765402977205,0.02332248296117445
2019-07-05,0.008909803944472605,-0.010392974534530364,-0.002399937662331153,-0.007239302270437786,-0.008152238529143152
2019-07-08,-0.007013188739574572,-0.02062255999732221,-0.0016839037456193306,-0.0034579824990049746,0.007954179371727044
2019-07-09,-0.003923467809200054,-0.0037044058837281124,-0.0009638238228089069,-0.006186064237190481,-0.009995711271180707
2019-07-10,0.000525182638141386,0.02328789518357266,-0.0014469208296000735,0.020267418961076977,0.0074395304469296875
2019-07-11,0.008661435006855234,0.022757458314460743,-0.004385270020059062,-0.00044654497485874245,0.005538556195527011
2019-07-12,0.02029682555233303,0.005609555120133614,0.001223607235891988,-0.00796432951445214,0.005332919087649657
2019-07-15,0.003825404898828433,0.026775841193729555,0.00488749945888145,0.006527656418846117,0.004261411596553799
2019-07-16,0.0017785139857895427,0.014306426788666116,0.00413432077398701,-0.002608930344281002,0.003550287431311583
2019-07-17,-0.006847673827779177,0.00874840106885122,0.0014530168261852605,-0.007623324188540059,0.0004315729084276576
2019-07-18,-0.0010213971004924272,0.01575222244419705,0.007980622865069176,0.0007530995983853206,0.002135437447717159
2019-07-19,0.009202379714599473,-0.010280495216065777,-0.009836871806930603,-0.020996462890129353,-0.0037249301019280923
2019-07-22,0.009625128076301115,-0.006690243172948529,-0.003149833751521891,0.0014605690928448656,0.0025215718080773275
2019-07-23,0.021324670895110254,-0.017015158632531446,0.008021568809247315,0.0035308402846014886,-0.012575928234144884
2019-07-24,0.004175904362160532,0.013703495231290441,-0.022908420879888425,-0.01170259313984301,-0.010979304222382469
2019-07-25,-0.003180018920061145,-0.020455321277490612,-0.00296115094200744,-0.0017026093959376931,0.0015097046564997996
2019-07-26,0.0004907718772184655,0.003813251202062995,0.013861096510370263,0.017288083882711636,0.017380431716339517
2019-07-29,-0.002207536549694744,0.012482005142581576,0.009277317906316807,0.0023624027934137093,0.011069739306240889
2019-07-30,-0.006145547413148766,0.022512097147648458,0.007740885109868367,-0.007982890979602253,0.03801701054106377
2019-07-31,-0.0022259042809971152,0.008911317705305066,-0.007681424088518907,-0.020463001699568606,-0.01968262832914891
2019-08-01,-0.004709965197165378,-0.0008658453842058655,0.018626270217025898,-0.005241990350723036,-0.011097899609011197
2019-08-02,-0.009215504505454719,-0.09152367688975427,0.005461640221793962,0.006134879192207787,-0.0024842721688641545
2019-08-05,-0.019356398160405797,-0.03796994254000041,-0.026688553900383827,-0.0275170682740965,-0.028856341809912034
2019-08-06,0.0017943686939998482,0.006941706019079064,0.001213302463722421,0.016478875305978802,0.010612008436276632
2019-08-07,0.007932387474382185,-0.007681590746071221,0.007513025028026421,0.010518022826203843,0.010850435754567123
2019-08-08,0.018024795764078005,0.018856585256372016,0.0110658016547589,0.013225964927269906,0.016620727241574818
2019-08-09,-0.012219359324772139,-0.01753362459897645,-0.0057098405098320315,-0.0067198811245420265,-0.005619899814157003
2019-08-12,-0.018934576755485266,-0.01923457369449788,0.0076572181747676105,-0.001943879717028807,-0.00642251646324743
2019-08-13,0.003860064321432599,0.0012131453615229493,0.0035618057741171327,0.012309920010738828,0.010514604411691275
2019-08-14,-0.04665470828959972,-0.018578305620450264,-0.01893050828010867,-0.006234149667250111,-0.012452044321473732
2019-08-15,-0.019360099018917776,-0.03497946699316712,0.01688391787980037,0.012391811762623162,0.013818210808401732
2019-08-16,0.014532441351713832,0.03262260086649582,0.01138528575768949,0.007955754544572535,0.015248375790580138
2019-08-19,0.00972986648217189,0.01280203696523885,0.012898434030162331,0.006147499331631723,0.008894016462810184
2019-08-20,-0.010706822657936432,-0.011824612157341319,-0.002546577144452611,-0.003846995924927654,-0.011144495985759506
2019-08-21,0.004328993607514375,0.010521780997309715,0.004410236206056295,0.0021202276551495203,0.0025233005601541514
2019-08-22,0.0037715692277604518,0.0012251147310797794,0.009475305706031056,0.0024182023915719775,0.0018457582853681487
2019-08-23,-0.032205932367050716,-0.06586472167674717,-0.022893570851199585,-0.018015902693088504,-0.01758519952398585
2019-08-26,0.005268775074360743,0.0130977063070159,-0.0004686659782935365,0.026636867543399,0.017047379045429523
2019-08-27,-0.009931064981695825,-0.017453169138602065,-0.014299246691279244,0.0076268724631645135,0.010308473500699966
2019-08-28,0.01532474597832989,-0.006579011733529039,-0.0019024433292563758,0.003190798671831807,0.00705106474431294
2019-08-29,0.012897840319203935,0.03245028466346955,0.031927614337471155,0.006139536233566556,-0.0018121708502466527
2019-08-30,0.004876688057370737,0.10177469768905545,0.039020988290479286,0.005219553394246068,-0.007839635039560644
2019-09-03,-0.004853021385935907,-0.008926778473648311,0.009555440750175892,0.005339231323357341,0.009398630685997222
2019-09-04,0.03603349190360006,0.002545463035086737,-0.007924198043284925,0.012294274316464904,0.015243840231545791
2019-09-05,0.02297960898602147,0.03359373114420183,-0.00998441345922041,-0.016027947648788343,-0.0036521735682739642
2019-09-06,0.001290861336586735,0.008314439310628474,0.008068047235255005,0.010222067318818251,0.0008960473266674818
2019-09-09,0.02062928834853528,0.017428824279264177,-0.008670383147456606,-0.00706136913420452,-0.005697076873795726
2019-09-10,0.0,0.021919387164428317,0.029154440609368226,-0.003958927117026834,-0.018744476501428187
2019-09-11,-0.0030320126417485715,-0.0032444582940196476,0.01677928462045264,0.0036803770046798245,0.01159494682250628
2019-09-12,-0.0098833105310705,-0.020795697346409514,0.010501468223288235,0.0068201548341007,0.012369101838727747
2019-09-13,-0.005374780316078631,-0.011819011192940265,-0.01845169597445051,-0.006191144745402832,-0.005294481613966839
2019-09-16,-0.04246037528154534,0.011026006166777957,0.009939519510575812,-0.01143362077405674,-0.01940722670697248
2019-09-17,0.02902468522528201,-0.004621020087885674,-0.001069659549496338,0.006079385267593995,0.011774650371820572
2019-09-18,-0.002872981552428877,-0.019498724056730476,-0.0023560478140255414,-0.001473724121266451,0.002063446513892453
2019-09-19,-0.010476790732413477,0.0045454695001165835,0.0006440002631518116,-0.00014772119889849833,0.00403577174882086
2019-09-20,-0.010852109063852589,-0.02243581584372112,0.0032182063763261937,-0.005683385887458869,0.002789260067046051
2019-09-23,-0.0034787200435936194,0.02102210051814768,-0.0021385884984088666,0.005419073667898511,0.008017014365293118
2019-09-24,-0.012620945436630948,-0.013978071948570925,-0.010930250387723661,-0.0005908338387244916,0.0031651970230224258
2019-09-25,0.009246784821933307,0.029501923416979547,0.008884371673824054,-0.001994640740634157,-0.0047732212286377695
2019-09-26,0.013473506588048023,-0.02958679385976193,0.003006717696599326,0.004663547268093371,0.010486176528521796
2019-09-27,-0.005052144835695271,-0.023010618649131676,0.0036402344893182725,-0.0008843288612385702,0.002091515826925461
2019-09-30,0.0016036206508938111,0.017860595239008514,0.001066600801454154,0.01106217701219836,-0.0015252175774462806
2019-10-01,-0.03655277241138011,-0.004242191657931493,-0.0021311124691849592,0.001969325624908924,-0.00426126004175531
2019-10-02,-0.03960103791076097,-0.016653670938373666,-0.014096393738344148,-0.024968998792016528,-0.02236561713784213
2019-10-03,0.008650230853099794,0.005514025303779757,0.01321475009995332,0.02978936813602928,0.005450810985430321
2019-10-04,-0.0020011487596426347,-0.015472164609196093,0.01218721927926869,0.017037539258205614,0.018564180562110844
2019-10-07,-0.004583258273816226,0.004973246534772491,-0.007182043489209811,-0.01382935182600964,-0.009354759720683115
2019-10-08,-0.0250359733440072,-0.033848108985645275,-0.004893581745300413,-0.007951383643866827,-0.015548638528214087
2019-10-09,0.007674247639370746,0.013317021384156469,0.008832301282436505,0.004444701206609336,0.008682637024345574
2019-10-10,0.015231488759175349,-0.00930038199152039,0.010463603332889981,0.00028997572536337834,-0.0003279126814584865
2019-10-11,0.02625488691639366,0.02653052246461507,-0.009509827629458734,-0.001812882579132813,-0.006970758262756727
2019-10-14,-0.0019678449439213264,0.007554788345130792,-0.0008535394873360191,-0.001380517083406585,-0.008588602616819152
2019-10-15,0.021408378166286823,0.008879173057482204,-0.004697655401623146,-0.008148249856161693,-0.023740074888971896
2019-10-16,0.010755635091693971,-0.01153924468222367,0.012014373415293989,0.0006601702189106273,0.0028157402329616055
2019-10-17,-0.012551146505265676,-0.0033635596456896844,0.016747927355909242,0.003958408090327881,-0.0013187453902675506
2019-10-18,-0.0005525625236744158,-0.009926587957402644,-0.008340071929496928,-0.005183901819248549,0.007202328970699057
2019-10-21,-0.006635287729946815,0.0024061056325734853,0.00693854998939103,-0.0009544360011867203,0.01370569116580489
2019-10-22,0.010575974244881214,-0.00019996828307167203,-0.004594033928196906,0.003967257307925465,0.026032934568364974
2019-10-23,0.008262239505758773,0.006402555682399447,0.0027270913780210737,0.005780593322181282,0.006711316072929963
2019-10-24,-0.021578782467597146,0.014115347957686764,-0.015062647824694353,0.003201111363646536,0.014552793877730563
2019-10-25,0.025684056937614885,0.013134689837733804,-0.013169033581235556,-0.009064781480106143,-0.012340665655139249
2019-10-28,-0.0027218817888852165,-0.001741472601638261,0.0021524953357843213,-0.000512369587526651,0.0018661247965015004
2019-10-29,0.04284928460314541,0.0321767162625719,-0.0015035471861617467,-0.003587991541598945,0.0009718551059534342
2019-10-30,-0.007851500758936147,0.009389714523644788,-0.0047322867278082326,0.0060256507059741615,0.010841450331500635
2019-10-31,-0.019783618941501824,-0.01599999059817836,0.0008645152677408952,0.0019726361623850774,-0.0034416907717874645
2019-11-01,0.02179764453189459,0.006617448533215997,0.004966461191797444,-0.001750022833231335,-0.005140035553424904
2019-11-04,0.011061393588231327,0.011269684907992517,-0.004297223524100113,-0.012926129298781008,-0.0387505211690754
2019-11-05,-0.004167689643478578,0.010958498891779467,0.0032369193242283156,-0.008508473596895882,-0.0014277462554783682
2019-11-06,0.004969902196439335,-0.0018372159501591767,0.0023660513497736346,0.003208695480684254,0.011942840873217175
2019-11-07,0.0018219724233474732,-0.0003681340385771614,-0.0038626313958366465,-0.008330681256773609,-0.00581782563522848
2019-11-08,0.004676507523862838,0.0,-0.0036623400271961204,-0.0014252500144068536,0.0006687872331672118
2019-11-11,0.0012930681358258589,0.0038666128340723027,-0.003891770002931949,-0.005558531538801703,-0.003090907629000217
2019-11-12,-0.0033574319716018763,0.01669114754744161,0.006729055825350327,-0.0030970235200777907,-0.0005029320637741641
2019-11-13,-0.03627881815469458,-0.011726427610545431,0.02134524016058381,0.009925872850141904,0.011570381081867032
2019-11-14,-0.010486776862744018,0.004928839958680431,-0.0063330736168109025,0.00030008676587489624,-0.0012432620510334225
2019-11-15,0.002445689126261197,0.010717557554105861,0.004461224183399448,0.0036002150167238067,0.0003321946481449345
2019-11-18,-0.0073190601584190995,-0.0012580620990237934,0.016074630961429692,0.0018682218638805814,0.011199497214740672
2019-11-19,-0.0065538586785822694,0.011516923102718346,0.002497810153071489,0.0038044145488749237,-0.00385614827076175
2019-11-20,-0.030236442210837544,-0.016723044859276004,0.0024918531130133648,-0.006168106489503944,0.007165301729129103
2019-11-21,-0.017290152181216434,-0.028225025599338815,-0.029826138530978374,0.0012712993468502187,-0.015945793295363386
2019-11-22,0.019036728945365677,-0.0018618443704218057,-0.000213521558645291,0.0011946629448207347,-0.00041539554794445266
2019-11-25,0.013586093682437461,0.02704713768536715,-0.0006407014795143384,-0.001790045685589936,0.001828833919045758
2019-11-26,0.0027925704136744223,-0.03396295792242676,0.0064103911735278185,0.013972988627206862,0.014521737361034903
2019-11-27,0.006404838928780077,-0.05395745716843292,-0.0008491898728613112,0.001547507081634869,-0.004089747032597457
2019-11-29,-0.003873834033741752,-0.036367228335183355,-0.010412280759164672,-0.0005882921204755087,0.0024639937842030335
2019-12-02,-0.00333331071284948,-0.01587964703681155,0.012239729274446276,0.0003678756214955392,0.005407146970095589
2019-12-03,-0.009754872933846137,-0.006705777982515038,0.009333977988440045,-0.0030909139647196104,0.001874115956500555
2019-12-04,0.007599438481744825,0.005907219948449116,0.018705162098608286,0.013583294959087278,0.01285078791482741
2019-12-05,-0.0031054957203263678,-0.007130964316363064,-0.01733035136134331,-3.6831737630693695e-05,0.0007227287506390567
2019-12-06,0.006513647402959677,-0.004647150796094457,0.0025194911872594705,0.007481436922554874,-0.003450528633343497
2019-12-09,-0.0045019425123408174,0.011247781222808673,0.010261820798384225,-0.0014558917287847972,0.005475537182463741
2019-12-10,-0.007631638855850276,-0.006086015867686867,0.0031095174235751255,-0.006488881796633872,-0.004805050071231554
2019-12-11,0.003702759064608818,0.0073902199876723085,-0.008472906386521872,0.006090951868868988,0.0031384669220120287
2019-12-12,0.024404010295448808,0.03751837269971969,-0.005627301412214902,0.0005832401351673067,-0.0007220421163709467
2019-12-13,-0.012465213019968835,-0.0030302530001642403,0.003143970632722981,0.005540433563423264,0.007224899355020131
2019-12-16,0.012903161604299385,0.0028368217867913437,0.002089262406799852,-0.006379804840258241,0.0007171807273420594
2019-12-17,0.005538463930240933,0.00889068717908792,-0.004169902173957629,-0.0064935563091461646,-0.0019908964926454997
2019-12-18,0.027540757817757555,0.0014019343372859705,0.00963126645632073,-0.0014686768750262758,-0.010374462696654985
2019-12-19,-0.0013402916625958605,-0.0022000006001006156,0.0,0.0036772473106572168,0.007338105861252497
2019-12-20,-0.0002682716088909798,-0.005411864508715891,0.019701367438841766,0.01062513155903666,0.003522369248891044
2019-12-23,-0.01288593492311918,0.016928553219482723,-0.0012201600188752604,-0.0063807919012857095,-0.0036694300439958916
2019-12-24,-0.0051672058008076505,0.007332649769522082,0.002443475466685774,-0.0010941312579397788,0.002562059897229574
2019-12-26,-0.0027337581132965694,0.02321454341645146,-0.004265745926395947,-0.0014615047070910547,0.0
2019-12-27,0.0021931298673361077,-0.01980376594014599,0.008975918223484092,0.006218640104788564,0.006947724477039285
2019-12-30,-0.003282602494688369,-0.0013731370376979246,-0.004245650066029949,-0.005307534315986295,-0.012847967870688426
2019-12-31,0.0043908613339629365,0.00942843359038048,0.003451547098791252,-0.001023172228642677,0.003454686886558589
2020-01-02,0.021311685125865232,0.017513306260758865,-0.018818236491888185,-0.006219301783543907,-0.011929566269043512
2020-01-03,-0.028357592685472333,-0.03289360380671913,-0.001237359105502156,-0.0013989465786100608,-0.006725669310091997
2020-01-06,-0.01321578242835375,0.010084925980092363,0.0016517383088283655,0.003833638461094413,0.0013869319657093815
2020-01-07,-0.01925208506513154,-0.02505878762995728,0.0006231864146595267,-0.01571780205441109,-0.00619143710816461
2020-01-08,-0.014224762426148563,0.004016130480994695,-0.01743103766902998,0.005148997345281625,0.004262627467023217
2020-01-09,0.012409772957792997,-0.007599959003649737,0.005702200481102926,0.000668007761304823,0.010937705154554944
2020-01-10,-0.012257658202505795,-0.002216928123566775,0.002309649658841062,-0.0019287338279918576,0.0009690194874278912
2020-01-13,0.009523632720315423,0.0064634152467990535,-0.0002091850290073527,0.014866556644068218,0.007340473822512017
2020-01-14,0.004860107520182844,0.020670233442456887,-0.003771903055603709,0.0023438096857586466,-0.0015212910037351035
2020-01-15,0.0,-0.005112179651387216,0.005048275344555986,0.017171985143170865,0.010185157405239176
2020-01-16,0.011379676847877551,0.01462472442781837,0.006487902767409182,0.0029454472258125808,0.0008733215933680594
2020-01-17,0.0014063175283816065,-0.01947815406592135,-0.0014556293992099567,0.011818586656028529,0.002696941952218035
2020-01-21,-0.017134643972765096,-0.02085805754368797,0.011245548277853734,0.004247566239226508,-0.0025314554995201632
2020-01-22,-0.002286409661637845,0.013187174772077093,0.0002056969663895014,0.010714711800117627,0.0017447095529186107
2020-01-23,-0.0008593266140208833,0.008610486045758536,0.008029800340099591,0.001883113660206659,-0.0045713724599474315
2020-01-24,-0.016341695213508145,-0.007742826393032698,-0.003472356551365574,-0.005081842111550383,0.0012001934846885831
2020-01-27,-0.02623153260698874,-0.03661470664346611,-0.0004098028533175979,-0.005457524233559385,0.004395057335593311
2020-01-28,0.006884075051307281,0.011007257899403156,0.0022555363699796604,0.002110575353114763,0.0027050051133372666
2020-01-29,-0.0011890248142293336,0.005546545606692321,-0.01104743022048027,-0.004984697130988147,-0.00769651427581608
2020-01-30,-0.008035703926132398,0.008784388091965578,0.014273762347141394,0.014817243355072618,0.007116500683283622
2020-01-31,0.0018001256929869314,-0.012353067171451793,-0.013053137281328953,-0.012584250685170106,-0.01055955557904198
2020-02-03,0.009883251118853575,0.008406787179951136,0.009919375236632222,0.0034497586400923375,0.0039317866329802165
2020-02-04,0.01927650584586904,0.037616831357926594,-0.0042971889993213,0.00498248586450134,0.004396178040256382
2020-02-05,0.019202665283753584,-0.004702976635750145,0.006987442049509962,0.007540633364336635,0.009151715604877708
2020-02-06,-0.019982603016916456,0.04055915115561315,-0.017143064657682117,0.00020799153856843056,0.002602122755347658
2020-02-07,-0.020390389957293475,-0.023273433334164983,0.014950299851667959,0.007205687898528712,-0.008337154319118634
2020-02-10,0.018435824068027795,0.009492405051092723,-0.003682563623812918,0.0019949370862253346,0.0007137848705058847
2020-02-11,0.022189678296617554,0.0028784786952573693,0.0006160146364520003,0.0028833075848406775,-0.015930770116904802
2020-02-12,0.01371051149979241,0.019900688820311707,-0.011286590826614318,0.0,-0.005718440577100137
2020-02-13,-0.005635439092890104,-0.014071356679400071,0.003735978840735843,0.002669791212238648,0.01223158245322975
2020-02-14,-0.015018516577095076,0.006279659530285864,0.005789833182901383,0.0035503197814721332,0.009443131918157377
2020-02-18,-0.010068965408953523,-0.0020801820513930425,-0.009046084512079333,-0.00945626775174746,-0.010068106752838535
2020-02-19,0.014821164429749123,0.010801533245379913,-0.008506170213628317,-0.0004810188216668454,0.0045647308712977175
2020-02-20,0.01059577437271475,-0.00731155462186428,-0.001046122428848828,-0.0025421992827139306,0.00908784492285264
2020-02-21,-0.01813534207695644,-0.023229556172759014,0.004608221550467917,0.004753260543417515,0.0009479757631589703
2020-02-24,-0.045021739998728605,-0.06593173646724959,0.0012508617052222615,-0.02200888965172465,-0.026834947944857857
2020-02-25,-0.04049557001650128,-0.0432624344153818,-0.00291532581047671,-0.010796355342543529,-0.015166381145726104
2020-02-26,0.007873961121898754,-0.006274225679420931,-0.025898209687500895,0.006236508985742795,-0.010458559547323776
2020-02-27,-0.040312497848962514,-0.05160023308250061,-0.02015434800107374,-0.039512605798774025,-0.055426137522198715
2020-02-28,-0.0068381468471613305,-0.0711662369090077,-0.012691368354769472,-0.03182511867732041,-0.0023786959269257446
2020-03-02,0.030163851489751314,0.04770139931624717,0.06338655949335714,0.042035760480747975,0.055903798838169205
2020-03-03,-0.028644116765195626,-0.014390147563579037,-0.0020842251058709182,-0.014536923054536133,-0.011626051624470612
2020-03-04,0.03309307378301951,0.038295894766563476,0.10108604823216805,0.050228562639763163,0.05356693777973409
2020-03-05,-0.03370795616548117,-0.058321815970100555,0.007207923350705636,-0.023579587747260655,-0.023052133664205
2020-03-06,-0.04684378726973737,-0.03011018145282096,-0.025235463517401024,-0.0060827051142531285,0.0002465876003989731
2020-03-09,-0.13942144853867966,-0.08505813031170506,-0.030139016179307365,-0.05172646367742484,-0.046029940458817475
2020-03-10,0.098420466005817,0.07972429785772772,0.021115418331364655,0.030577643617480277,0.03868694979151699
2020-03-11,-0.04129795793507296,-0.05620848907155229,-0.015411444652783768,-0.03272700273594986,-0.07432611963032043
2020-03-12,-0.11384611897724917,-0.11369797569941531,-0.0552805321490446,-0.11105973761566768,-0.08737336323915745
2020-03-13,0.07248253081790157,0.09804530889509722,0.0335570690980016,0.10499399753642558,0.12009040546439054
2020-03-16,-0.1501415878649438,-0.10403333828621675,0.00040581425220698186,-0.1126715845541516,-0.04882975264429035
2020-03-17,-0.03238102661684128,-0.02763124518178861,0.09208944449517342,0.12936610111011815,0.08976959771999304
2020-03-18,-0.17322837779860445,-0.07822494948361736,-0.062407178539978236,-0.05324158589079531,-0.006681287090800625
2020-03-19,0.05416665377090868,0.10703170705090703,-0.05903346793261843,-0.029606273945529504,-0.05636437215589263
2020-03-20,0.02428020805672859,0.016583147790733666,-0.04631560011723157,-0.11428339906386509,-0.07579167212153892
2020-03-23,-0.029768482340118085,0.04462908957308587,-0.05231800509099749,0.012027423999536824,-0.04617800314836917
2020-03-24,0.19943181140532906,0.14466705852286643,0.013277588132021734,0.08233480395279891,0.05701127746878676
2020-03-25,0.018000943269715908,0.012612662416749743,-0.04804599431543877,-0.011770590478175635,-0.022755984076031632
2020-03-26,0.049790513544257786,0.08134207346066447,0.052644198818875054,0.06897765394205613,0.06401110082371608
2020-03-27,-0.05230487614999668,-0.0890925951499546,0.013764584682300907,0.0016631490279630512,0.02598254261357802
2020-03-30,-0.002806412567597727,0.0270967354116447,0.05295310025600419,0.04167352194433338,0.043841256816426144
2020-03-31,-0.025328254199719846,-0.006281336874657484,-0.007951684396960812,-0.04287542196233729,-0.043478153924687235
2020-04-01,-0.07314723771165588,-0.06700371833602137,-0.0038996523562876417,-0.016486123444312217,-0.0060908388205414
2020-04-02,-0.05555555555555558,0.0065038715839507155,0.031970331366976135,0.04859448813105072,0.04637341281711782
2020-04-03,-0.008246281254396859,-0.018847649055975246,0.04383579446168251,0.005893670409258922,0.0059438444836446
2020-04-06,0.08370282993691092,0.06778284138416413,-0.03876435795559485,0.05273305195143552,0.023722733936662133
2020-04-07,0.08951395136410745,-0.013878275858255296,-0.018273328967822522,-0.0051845072386575985,-0.0427808596905257
2020-04-08,0.08591558578878367,0.05238482363352803,-0.004957955598829944,0.01632449742084341,0.0206618356390198
2020-04-09,0.040207469891896386,0.029222366109904474,0.03444523786477793,0.007691694586603681,-0.0038229326372655192
2020-04-13,-0.04364078068938115,-0.02646776294490394,0.015706901488966363,-0.020504457101925833,0.0112507254143841
2020-04-14,-0.0013038466531045678,0.021749881051678743,0.03237113832125438,0.057376385192938084,0.043208022941797486
2020-04-15,-0.05744130183814311,-0.021528703346103795,0.008587818149690563,-0.02434968047436159,0.002149595268345461
2020-04-16,-0.03647273564632758,0.016069019178544197,0.012079227324749864,0.004517567948533641,0.002309840676242736
2020-04-17,0.07714415214790771,0.009975646125026882,-0.015065479585024466,0.014081630088513375,0.02625520373839252
2020-04-20,-0.004448280747971767,-0.013249823903173086,0.019070393368153526,-0.02181027493002896,-0.03280138927801324
2020-04-21,-0.05093832488279326,-0.08691393523841251,-0.016764233650351068,-0.026830252174314784,-0.007628582369711645
2020-04-22,0.0028247291596550372,0.036096187532711044,0.007137292837670728,0.012830120389978994,-0.002339423982971378
2020-04-23,0.010328798861465094,0.0041290797165975945,-0.005118158485183044,-0.01779515097524209,0.006668914048916896
2020-04-24,0.01998134548236452,0.020046172982585375,0.004155106287103472,0.03147552693496092,-0.0051925557171168535
2020-04-27,0.022779051873739853,0.012597689889688901,0.009655212967835558,0.0007441830500012347,-0.01119716998152609
2020-04-28,-0.012026732209629354,0.01617317266548257,-0.005074126520251299,0.013833425466273974,-0.00476804509095774
2020-04-29,0.07213713956674428,0.06243901288407505,-0.015692499893548373,-0.021714028637527805,0.0016254799461095093
2020-04-30,-0.0626577743455553,-0.01613287435857025,-0.0039855861019904015,-0.008023352371782422,0.006747606413861407
2020-05-01,-0.06235975233038027,-0.06301256072905659,0.00860336677756468,-0.01625215933861568,-0.008908228419457265
2020-05-04,-0.007177026659330954,0.013750103265682823,0.0073397095940328505,0.0059935849880579095,-0.008988156740923015
2020-05-05,0.02457834536682002,-0.008877957079699739,0.0019693300808052427,0.005728761241857949,0.002072958753489118
2020-05-06,0.029633066365017724,0.00746451856080288,-0.0062892216855167105,-0.006759346905923058,-0.02508407224175191
2020-05-07,0.02512566306533426,0.03111884791218511,-0.006328942967483542,0.005887906736998572,-0.008222622126866752
2020-05-08,0.06639919914215864,0.04550911295272675,0.020302310503043097,0.02037224510970903,0.033698748850885085
2020-05-11,-0.04722111032621179,-0.006414802552824228,0.013655730120954335,0.0011175736811834813,-0.005519546427540933
2020-05-12,-0.0105263406839613,-0.0258243254757482,0.008468109239160748,-0.010715773077278445,-0.006591010051505308
2020-05-13,-0.04875876838355808,-0.028875662544953773,0.0019085266642315801,0.00015040125962473283,-0.005499850004090812
2020-05-14,0.03960859742474976,0.02022896459031509,0.00895241023804716,0.0009025232191410826,-0.0009655293892665284
2020-05-15,0.014343289973525186,0.0054945158588042275,0.010571895333819858,0.021565935601046915,0.007029346577939188
2020-05-18,0.09633231289558841,0.040152195697012116,-0.048384189661695776,-0.003162924409523704,0.013960271103105493
2020-05-19,-0.0048367705403237204,0.0059387285178185145,-0.025912682303531165,-0.027966428669986887,-0.03244117604179153
2020-05-20,0.031996814568746146,0.014078081536870402,-0.02922203301687165,-0.0035680055075649753,0.007470596259983031
2020-05-21,0.012558747018482252,-0.006045631843580868,-0.020552257478295255,-0.007999198966141763,-0.014653990636702807
2020-05-22,0.006976872813499346,-0.029736433614877655,0.02479879019047959,0.0020734684019214633,0.008779897780606616
2020-05-26,0.05465744117406812,0.03227301781050307,-0.020475916819344908,-0.005594778701752623,-0.005062229383213879
2020-05-27,0.014233661367225148,0.024966453728167082,0.027449320791358423,0.008169630759941926,0.01660275393048205
2020-05-28,-0.03994256380234784,0.00021936386903798066,0.0176736770317647,0.01131405132984864,0.019053489998926088
2020-05-29,-0.029985004574416885,0.08907398684694434,0.02948320172157426,-0.005593516770350027,-0.0012064298967883191
2020-06-01,0.04095832620844431,-0.005439120196777947,0.01451562027814668,0.010946297070115962,0.011473573102231516
2020-06-02,0.01744612661862832,-0.004456068623600706,0.005606810028510489,-0.0027068961422661575,0.006908330293594611
2020-06-03,0.06056187270761981,-0.006917768353199905,-0.06133428056964496,0.0014324350595946722,0.003980935638880467
2020-06-04,0.0030959988181744613,0.007990293716192198,-0.0010241536033551712,-0.00930971382401069,-0.020922884137389408
2020-06-05,0.049725647659411454,0.026829274164233308,-0.012097609543675558,0.014321630823061815,0.019646589982236673
2020-06-08,0.0022868866959941947,0.022565353891849993,0.03549189963510502,-0.0017364511828282803,0.00608475408709408
2020-06-09,-0.026727474342681634,-0.03155252660946428,-0.007215891588596146,0.005748446606879565,-0.0059640238386012845
2020-06-10,-0.037173604906330815,-0.01279239238262897,-0.011911896237582598,0.008723717781525808,0.0075207970745923
2020-06-11,-0.0782608649055182,-0.05669145263713915,-0.019820222988812808,-0.04689476570882922,-0.02490986993447053
2020-06-12,0.05509428406404426,0.006653689039627819,-0.018761593203867277,0.009073785748014762,-0.0055048291123696025
2020-06-15,-0.006795351850123588,0.003411468700157627,0.02783075097930765,0.011472806217704967,0.009254497207867862
2020-06-16,0.0003600496358102667,0.013174727536808817,0.016329089220464388,0.009120283520462014,0.012340257842518687
2020-06-17,-0.022318093067060896,-0.003355743042838477,0.004880978884095555,0.0006832654433668317,-0.001692931190231839
2020-06-18,-0.0025773784310508807,-0.002104286994570881,-0.007286076589069546,0.007741533900736286,0.011447469871446181
2020-06-19,-0.018457001315407062,0.031632197443471455,0.0018350386686663,-0.011296868573395291,-0.0030180073003654995
2020-06-22,-0.008273769651560903,-0.012878310197838139,0.013634391550094493,-0.0017518575475005127,-0.009838667261930278
2020-06-23,-0.004550708958741767,0.01491005046513827,-0.014254152323773028,0.0023655108393096924,-0.00016985347821318886
2020-06-24,-0.03695226527714124,0.08345230725358954,-0.004888023745189929,-0.013703048296606957,-0.011127082234421604
2020-06-25,-0.00197794769244386,-0.028248567407677005,0.015145358727976621,0.014279183294837017,0.012626780524847447
2020-06-26,-0.030519236367627656,0.012596818560762335,-0.024193576485746937,-0.01887231005653156,-0.022563611692117735
2020-06-29,0.034341783532052306,0.028899509658356637,0.017562131377168555,0.01667593961599434,0.021088233039082915
2020-06-30,0.0,0.021949465058715534,0.007715677060675441,0.009001937959367101,0.016233205445397747
2020-07-01,-0.01343872831828763,-0.012013108266366923,-0.006447708867064694,0.0007561316275843666,0.0034290655310866835
2020-07-02,0.011217897529170795,-0.009764174997256125,0.00020276108973660278,0.003702195478401782,0.007501136050454216
2020-07-06,0.01941369415258265,0.005767429930537471,-0.0002027199860112905,0.0033874179372761493,0.006204509165613992
2020-07-07,-0.023319136451358302,-0.020532753354055022,0.008517589909199375,0.0020252906947091365,0.004850769315338788
2020-07-08,-0.007560606466988751,0.022662888884746657,-0.00402182038863752,0.004866279575728605,0.005481918439515843
2020-07-09,-0.06094625544633181,-0.008494864169882987,-0.002422751344814622,-0.011250041773091524,-0.003336224037047586
2020-07-10,0.04141754155958943,-0.00484264278759039,0.01760767008231623,0.013186557384587072,0.01151209080602933
2020-07-13,0.01927013850989434,-0.03106870223367053,-0.008949902176462632,0.0033467346183611024,0.0012914174672566947
2020-07-14,0.031375816804612766,0.014100882743644183,0.016774599466649054,0.004521544075283268,0.008383620264647229
2020-07-15,0.04836181812459972,0.0034285447860806784,-0.021864418046035783,-0.013503575215339736,-0.004716596872520129
2020-07-16,-0.0011159845133417168,0.12186778714389979,0.006909121992148659,0.0014213573972445825,0.002088445857998611
2020-07-17,-0.014897541345161747,0.021489044915898203,0.0010089041024148315,0.005826050434843522,0.006973342802650828
2020-07-20,-0.01663512511619214,0.017889804101295592,-0.007661090658208414,-0.011510724570293451,-0.0031043926531084676
2020-07-21,0.005382445971746641,-0.006346723526867604,0.0026412139583991134,0.009916804159561643,-0.0013572127639370768
2020-07-22,0.005736058814302281,0.011464160048736849,-0.0002026155298654464,0.01175331339046215,0.008555049915140778
2020-07-23,0.017490572531101423,-0.0038860228662305207,0.0058775501201815405,0.007867208053083274,0.006470000491392458
2020-07-24,-0.01905832186161438,-0.011703548857166401,-0.004634287486732225,-0.00744108650943498,-0.0015853920515574993
2020-07-27,-0.020952338052769193,0.0026316091932752084,0.0018217788227319343,0.011833098637165751,0.0028580936766200438
2020-07-28,0.02451358103583301,-0.026082713053435014,0.01495265831614545,-0.0021065637355827116,0.012349667423683819
2020-07-29,-0.01671101487886728,0.005390056056449932,-0.0005974474246266404,0.004003551524014659,0.0033624835920216256
2020-07-30,-0.026651075074542563,-0.00887926475229861,-0.0177288661906575,-0.0017399483509562552,0.02423804771441196
2020-07-31,-0.012301671878334974,0.011325228214643435,0.005272786041003563,-0.00021791779218383045,-0.002282594526197612
2020-08-03,0.030132633382915275,0.010864111209476501,0.0028241121951120274,-0.006973925653659507,0.0012963000080172815
2020-08-04,0.006240113454969665,-0.0026454675886483647,0.014886482613394314,0.005633024091979966,0.019041999892907224
2020-08-05,0.0205427033865051,0.004807603885327749,-0.014073366679335009,-0.008874745222516967,-0.0026159961263417797
2020-08-06,0.011014169412876695,0.005609577618698625,0.002814628494955951,-0.00286226375690235,-0.005470605236556958
2020-08-07,0.003756546121809423,-0.002460993196302441,0.0018042476093635962,0.006477116258003068,0.0063295212674117085
2020-08-10,0.04715568587149965,0.016940817786501583,0.008605290170354385,-0.005558069815085553,0.004118607584217893
2020-08-11,0.019299508399658105,-0.004690257750907256,-0.01250000726643219,-0.0063243978435612025,-0.006488001349804096
2020-08-12,-0.017180913307435874,0.004712359933610966,0.023909878538260987,0.01983413963733538,0.01673801162186228
2020-08-13,-0.017124547396862977,-0.036713491556367495,0.004317041447605918,0.002177137987408706,0.0023623903813576597
2020-08-14,0.0112522764933356,0.005876373889334818,0.008792422000927447,-0.003910214966065473,-0.005008149834039521
2020-08-17,0.07717152086245571,-0.00367210984368338,0.012589554218281673,0.0026169427257261013,0.0029607199441850085
2020-08-18,-0.0056648074455092345,0.0055285651129326485,0.003060562045331894,0.0013776443850004316,0.007453834249452784
2020-08-19,-0.020777495897097986,-0.0028324913017698794,-0.0011441390072625124,-0.012019149668558327,-0.005420432619071769
2020-08-20,-0.013346971432488086,-0.003174586002651636,0.0003817898849971524,0.001978536265964559,0.007954565182556994
2020-08-21,-0.009365316060797269,0.01340940692719883,0.0026719086162683148,-0.0019016162525303804,0.004310951938773178
2020-08-24,0.06127457012625159,0.018193719380074302,0.002854942807938743,0.008647154338174312,0.007785311899181302
2020-08-25,-0.020455310626233625,-0.014944796834187368,0.006452638392018706,-0.002470311238133127,0.003970646883517226
2020-08-26,-0.007073056336481476,0.024571348286369643,0.008485848697339815,0.008521668631123136,-0.004818031035254244
2020-08-27,0.007123440834815753,0.004828568870444583,-0.0035527152268850504,-0.0005055906869764204,-0.0013007214915414789
2020-08-28,0.011114830612666715,0.06054778653543913,-0.021580084315649284,0.011127243802467657,0.0040522368592281754
2020-08-31,-0.01299135348853353,-0.0019631628059626482,0.009014244149760042,0.0008575377114561356,-0.0031708729943982217
2020-09-01,0.00540007521083008,0.004388478445719102,-0.02299945527689662,-0.006211555154811754,-0.0010844638589030398
2020-09-02,0.039274833656212094,0.03164075056945137,0.020428085191000145,0.029455864570737678,0.016862208084597485
2020-09-03,-0.04780360318589916,-0.04279250682674207,-0.0747378877261089,-0.020362898932846263,-0.016013174048331136
2020-09-04,0.017639052345306272,-0.01357956175658559,-0.019575352480796115,-0.004377023397282742,-0.0021697883113941385
2020-09-08,0.07933335618576054,-0.007733926309413386,-0.049601012956379975,-0.023133402283666338,-0.01464202257681646
2020-09-09,-0.013279817886027279,0.041932945886810735,0.008182484850824068,0.011508792206880392,0.016257104058986727
2020-09-10,-0.05571202783615348,-0.020945471814463823,-0.005922355259240453,-0.01713950634057504,-0.010495602453680197
2020-09-11,0.009612171608817777,0.014516975022071943,0.003971666653737271,0.007791560768376948,0.01053399319610393
2020-09-14,0.023637611999180574,0.006928767390157242,0.0070330540477914205,0.006332382402119308,0.003547042094356412
2020-09-15,0.012828703526993168,0.003739910227035681,-0.0065474853456192195,-0.007682913012815318,0.0
2020-09-16,0.006649808792385414,0.0040236957114980765,-0.00571161607435855,-0.004718809502565424,-0.006708284670845277
2020-09-17,0.0040893606413727746,-0.012023063015420998,0.0072911801078880956,-0.013187040105841263,-0.001307358022081817
2020-09-18,-0.013157893943012922,-0.002854492307984291,-0.0032903503773299425,-0.012988257821413773,-0.001091149991827245
2020-09-21,-0.047619123310537526,-0.013108565886594148,0.013864539939098863,-0.001749422030157266,-0.004804247739866874
2020-09-22,-0.018666645611621457,0.012366498540825832,-0.008899587803878894,0.00693386817038566,0.009143528600410011
2020-09-23,-0.003396714200518236,-0.010556322814698649,-0.010512522481066378,-0.008702162431395433,-0.011959964505919518
2020-09-24,-0.00783912881328297,-0.0036582309444072036,0.03607792007353372,0.004427325931206649,0.00447498151365644
2020-09-25,-0.003778828360113118,0.005354271607014072,0.01602226049138311,0.014971956008723808,0.0051123883284567295
2020-09-28,0.015172449056839232,0.024193580846165297,0.0088311039597182,0.0330961531017524,0.002833819063821519
2020-09-29,-0.023777130230141497,0.016193669449859005,0.0008335164510675508,-0.005870729398913865,-0.005434238625196319
2020-09-30,0.029575520657092236,-0.010380087981052277,0.007288654894833435,0.010498606067429694,0.012603856660830415
2020-10-01,0.026698121932172914,-0.0022160063149821996,0.0031012423227163577,0.015873121459687223,0.0017987783764645826
2020-10-02,0.0026333174817874117,-0.0056262649597270675,0.005976882120067417,-0.019460431234068376,-0.008043694316730687
2020-10-05,0.016414976721367047,0.01563434137435893,0.0034829141951326914,-0.0009415950508065984,0.00919503268446431
2020-10-06,-0.018087834723967577,-0.010702223827442015,-0.008166613301558656,-0.016167525546008088,0.0015780900020363475
2020-10-07,0.040131638794156155,-0.0010374402910168223,0.00041466949557467103,0.009653712348004273,0.007807543884418067
2020-10-08,0.018658980979800788,0.01854315154627395,0.0035231866762741593,0.006130981813855962,0.006751840219678895
2020-10-09,-0.0015523314896158658,-0.003932390574682865,0.0010327347036362955,0.004279938760425317,0.008965656311251236
2020-10-12,0.0015547449691897253,0.01257504664437592,0.013410328746202849,0.026654170313121117,0.010985603569197755
2020-10-13,-0.010555662808298227,0.018194918334778487,0.00997570682793203,0.009920555858785374,-0.0019378853574896215
2020-10-14,-0.0062755083204038,0.0019854936897023556,-0.0030237190236319655,-0.007106049254538727,-0.0011792035108441068
2020-10-15,0.029049578721152658,-0.008633921054363891,-0.006065527218714228,-0.007648319394760517,-0.0014578127198721091
2020-10-16,0.026388492816992404,0.0015704185013112326,-0.004475242808019808,0.0021210728547376156,0.0038934425761472102
2020-10-19,-0.002989572076908642,-0.00926579918432513,-0.006334174980543783,-0.014463765371830917,-0.01717559791918899
2020-10-20,0.06746614549137986,-0.0012950674732539191,-0.01974093009234479,0.0002147528615348282,0.004016377095909407
2020-10-21,0.0047753598830173605,0.006050878571869811,0.001678163288112211,-0.0007875330559429239,0.005404453855613278
2020-10-22,0.04584852806202755,-0.015036327199326904,0.0033507905707594876,7.182188173326942e-05,-0.007082620559287212
2020-10-23,-0.015503936624428838,-0.008723436179959965,0.013358574541864066,-0.00035814021336755264,0.006574560612363056
2020-10-26,-0.02742337274836193,-0.05045470095843674,-0.005355428799337925,-0.010748232663849722,-0.007585152993734745
2020-10-27,-0.025963009584854868,-0.018072330669053338,-0.0010354287348727231,0.007678066076337364,0.007501628564707152
2020-10-28,-0.022929257648863,-0.04514703416409449,-0.02425378405477019,-0.03558075903205116,-0.03301482270061795
2020-10-29,0.02346734648269999,-0.002965445435361702,-0.006373507283756075,-0.0013415556843161536,-0.0006538183645119489
2020-10-30,-0.010318221137351258,-0.004296190209471917,-0.0021381594290778017,-0.005224449383619545,-0.00341644713008582
2020-11-02,0.0005791241795276569,0.0004979917194871675,0.02164145210988222,0.013954412165500862,0.010211203586169448
2020-11-03,0.023154903865512333,0.024216177860293397,0.004404298132036244,0.013984561123457251,0.019639129795851806
2020-11-04,-0.003111624503549959,0.007773304408815296,-0.004176395508550534,0.00598367347478157,-0.004106829621224328
2020-11-05,0.05391598872301051,0.03663820422032593,0.0077586437495147376,0.0013780772445763922,0.012371876397382131
2020-11-06,0.00888528002165323,0.0012401626654734432,-0.001456433823434078,0.002390651201413796,0.005970031102396911
2020-11-09,0.03976504315371332,-0.005418868981866609,-0.03896640398189399,0.0005057577985270179,-0.036584410372374365
2020-11-10,0.054414864069854296,0.005759736883168554,0.025368475196663187,0.023618757922625244,0.016450432192735898
2020-11-11,-0.012658210046162188,0.004179070586824762,0.021146129423387228,0.015382406369085055,0.012904428732859685
2020-11-12,-0.030572014304986905,-0.007090023904201104,0.004969851409565962,-0.00041713889398009574,0.0005632723004780349
2020-11-13,0.04755839572891274,0.0262338068415644,0.013599931980646573,0.006048634473210468,0.014984100163968339
2020-11-16,0.02282129139404465,0.018756700485205835,0.014433855164568188,0.007255770223627778,-0.012822258956985522
2020-11-17,-0.003560450313863761,0.007572246616446954,-0.01042075310384638,-0.003567301860174621,-0.003861719433100652
2020-11-18,0.017627320300511284,-0.003831324003040648,-0.006885461959345807,-0.012806670500313588,-0.015364804001031573
2020-11-19,0.002340761838955485,0.013313624327345508,0.005709654445754442,-0.00041830732394920744,-0.0012170987821411572
2020-11-20,0.005137955850565978,-0.002335735695650487,-0.006893754556455578,0.0006976237943359109,-0.00164846305785038
2020-11-23,0.040195089421503294,0.015218115695206924,0.0026542067301777994,-0.0027887794044956227,-0.003876373959801005
2020-11-24,0.03774846127957954,0.01369257488055764,0.005294107294494532,0.007061780739225032,-0.0032429411173338085
2020-11-25,-0.021523983376897315,-0.013934252852709106,-0.00911466629453761,0.0009025660721573292,0.002675025185391755
2020-11-27,-0.008798711388507297,0.006777177365914877,0.00122637707926887,0.0030523214979500946,-0.0005047197480287924
2020-11-30,-0.027075092057261885,-0.01131471007306517,0.021233059983239544,-0.0025589168546147345,0.0018755358358155672
2020-12-01,0.01916058378128782,0.021584739269856268,0.004598006896221252,0.012757549821711844,0.0036008981954926966
2020-12-02,-0.0022381645326779998,0.0,-0.023482430598440907,-0.009926737156460308,-0.007247216776450127
2020-12-03,-0.010991469002030518,0.005530266088980662,-0.006724964654029497,0.0059399642176865,-0.007372138948597784
2020-12-04,0.007031121763902304,0.016782054659767898,-0.004924051344086022,0.009692175755618315,0.0009467371169118444
2020-12-07,-0.0020269990689527617,-0.02385584882319136,-0.003917557959295492,-0.0032912839537998506,0.0015277243893470072
2020-12-08,-0.0115098319685355,0.021170710527688597,-0.001035172023054698,0.0010319717835500786,0.00268738427851134
2020-12-09,0.014383538937453588,-0.004730715404933861,-0.020306693994481817,0.0011681825667484436,-0.011879838978485324
2020-12-10,-0.035111447382154215,0.00880753579858684,0.0006346341502427855,-0.007001141461184801,-0.0065978572590978946
2020-12-11,-0.022160013526632882,-0.007206249793461517,-0.0021138419892793303,0.0020735909530822383,0.007379461522373676
2020-12-14,-0.00715648201820307,0.01102737190999381,-0.010590894772044557,-0.005104521585852173,-0.004834681671867624
2020-12-15,0.0009611248770138303,0.01808648230968335,0.0023549430853171405,0.0037439867037638574,0.0058887575586688
2020-12-16,-0.005760934663181394,0.0017629609863500928,0.006193916170283531,0.0008290442357543615,0.004537459396889654
2020-12-17,0.01472713677989379,0.011371203782070793,0.014222171808485617,0.005659389824786976,0.007139012675962952
2020-12-18,-0.024268412694790853,-0.02395906688442928,-0.004395341008105458,0.008372708135225171,0.005714160133542201
2020-12-21,0.004876917654304869,0.001919764686161951,0.01576624875666055,-0.010413085548314105,-0.010931874418607879
2020-12-22,-0.007522404732048349,-0.004516836409637626,-0.011589293916123733,-0.009490900014840653,-0.00705375688618648
2020-12-23,0.03789719516157142,0.009211998538257049,0.007328433558311254,0.0027079138575338835,-0.001537957733526496
2020-12-24,-0.02049460032340178,-0.005585549475014107,0.009145742132721901,0.00450103917156075,0.01012195855417164
2020-12-28,0.0019240062458183438,-0.0019182481413860808,-0.0024717890386255492,0.012753498475611469,0.006970628945960788
2020-12-29,-0.00216040828092412,-0.018531193885533037,-0.00020660722704868295,0.0034713888326032283,-0.001874824790985996
2020-12-30,0.006495071946851949,0.013985966877625877,-0.00826101944834945,-0.0007461668712553937,-0.004695688890048011
2020-12-31,-0.004780079696531603,0.010896564538102727,0.006872271779147177,0.006720516468045279,0.009943975399067995
2021-01-04,-0.02713739472685983,-0.010915504603988713,0.0037226768999889526,-0.027174616360237658,-0.009486945383205825
2021-01-05,0.02838810556222726,0.013381149034254802,0.007624263969205014,0.002980376178020716,0.006385048329359044
2021-01-06,0.0316850019701429,0.008303870004997105,-0.020245455649365862,-0.012232114987190568,0.010526690176035247
2021-01-07,0.007910607163922334,0.030646778728117052,-0.006731066036312905,-0.0032185331513145954,-0.00934692824375738
2021-01-08,-0.00600161636350216,0.011527171848322526,-0.007624114636338941,0.012002708345787427,-0.00043186888879342966
2021-01-11,0.045285464617203175,-0.020590499019434327,-0.01771216329010139,-0.014495759017402743,-0.006772596172066159
2021-01-12,0.06243059689685082,0.01480895195993659,-0.011731425466952605,-0.004645055090065742,-0.005803378342349008
2021-01-13,0.01902956683468049,-0.07192185296433062,-0.0013190859123474175,0.008202121580310973,0.0015319290947934938
2021-01-14,0.05745960849992948,0.028358866297163887,0.009685075095159368,-0.005820953460574874,-0.010636530504605113
2021-01-15,-0.030273658372878876,0.013788409487476061,0.011990509850156483,-0.002609938453746685,-0.007511111378412316
2021-01-19,0.0974584971731276,0.008079799342647132,-0.0008615949810759638,0.004738578130580429,-0.008754886920613991
2021-01-20,0.01859951702736984,0.029254556399295195,-0.0073308506297289355,-0.005138659575770643,-0.012500200975232745
2021-01-21,-0.013963357485739292,-0.0019469093659273407,0.012597764164861136,-0.012169963083890067,-0.0009836403322127651
2021-01-22,0.005809744096869629,-0.012483478850875529,-0.0008578987177155772,-0.007306273339256597,-0.007709371283665556
2021-01-25,-0.03628171135394154,-0.003423878770423161,0.030485183848874442,0.011472842322197918,0.017230913652213298
2021-01-26,-0.025285575386087444,0.004756729753771838,0.04062497020329281,0.011556698386043562,0.006427697124946841
2021-01-27,-0.05188319139873765,-0.028669018247649558,0.055255194720825296,-0.02651660347041218,-0.0353896421172627
2021-01-28,0.034454823529319833,0.0008124839440879494,-0.0751280322116521,0.008331075396765142,0.015423103631162949
2021-01-29,-0.007053345234045549,-0.013934003594031852,-0.013128079569777684,-0.018822996350520094,-0.016492923379263225
2021-02-01,0.016377221604028103,0.014542226751795395,-0.0016630005349643762,0.0030017833786808445,0.005927885039454628
2021-02-02,0.023490686633124813,0.04354301800195359,-0.01603171248337365,0.010220843981910477,-0.0013958118719546997
2021-02-03,0.02902113652645255,0.007515941254613301,-0.002962245223616211,-0.0026015080761102594,0.0012425049267454913
2021-02-04,-0.0022119513100926635,0.020064423731770864,-0.004032215370703529,0.012027026194743495,0.00062032411730506
2021-02-05,0.005172779987683285,0.0037825621624312245,0.012145707726165744,0.00916378541661289,0.004185048150232573
2021-02-08,0.04539612669326565,0.004145208561229907,-0.008000002083311308,-0.003972670955549318,-0.0030870927318296104
2021-02-09,-0.014416296478068857,-0.004378293399983968,-0.0025465610181903964,-0.005698096256714358,-0.003871035458461014
2021-02-10,-0.021048905666039563,-0.00012579726996109208,0.011702048424320433,-0.01361028389810015,-0.00349728777064795
2021-02-11,-0.025145776431176214,-0.0010051156716484044,-0.012197794203021473,-0.01982574683109417,0.0008580631149994744
2021-02-12,0.0018691090901563623,0.006918140796590366,-0.004683897696026618,-0.008149892769190425,-0.005532646956822762
2021-02-16,-0.0026119283402237237,-0.007620266234864115,-0.013689710134497268,0.003809651969035599,0.002350601527779661
2021-02-17,-0.010662102655806804,-0.002265843610273266,0.005855580703830299,0.0005953483392986403,0.004221490500868841
2021-02-18,-0.013802379910512474,0.0054252296990728865,0.01638628829291755,0.006767723672771897,0.008329376082345519
2021-02-19,0.007860568012487912,0.013552410959007277,-0.01739493463156172,-0.021127265710078502,-0.018605682255774192
2021-02-22,-0.011223220146246882,0.0,-0.004101856357049516,-0.0039241900201381075,-0.0042480571063742145
2021-02-23,-0.016737124966452854,-0.0025998250098981934,0.004335414339366794,0.00598542678158176,0.007426194706157796
2021-02-24,0.035022493898474893,0.014026779171807613,-0.0019425326453526015,-0.005196723382220436,0.0010978840854682925
2021-02-25,-0.04347834000847339,-0.024605184876950847,-0.012759334203335193,-0.01582253357435537,-0.008460048794472264
2021-02-26,0.01442695853672804,0.01744476424194441,-0.0037241751189659444,-0.00623071312331569,-0.024095319945868665
2021-03-01,0.02357298398766483,0.024916761183366942,0.0008794934422391432,0.011068769469882778,0.006152334386149594
2021-03-02,0.029881923484846418,-0.004573424097324641,0.0021968468232633764,0.003445327707239265,-0.0031377642316171572
2021-03-03,-0.026612445781546867,0.010760447674490248,0.004164976902463646,-0.01472514803098457,-0.005972641511968413
2021-03-04,-0.015948284309352245,-0.009569440806788565,-0.00021835694231520097,0.005565231546772242,-0.008200752555776791
2021-03-05,0.03704404152431806,0.030797311524435766,0.017248834447578076,0.03260127327982376,0.03135485325429399
2021-03-08,0.02288376547053228,-0.0028119596032560867,0.014166213841064312,-0.00676549965779949,0.010557235132777176
2021-03-09,-0.006002170112345273,0.016214245880777245,-0.006772465441306719,0.0009083379544974068,-0.008875933027068239
2021-03-10,0.039890319065466695,0.013758628128582417,0.020242963355529664,0.010056656294527677,0.00919322139459533
2021-03-11,-0.008798206079266957,0.010720921836457675,-0.009189837244765964,-0.002695008897669382,-0.0033767253000657194
2021-03-12,0.052014762315399254,0.0022568194411687337,0.010961300566708188,-0.001351206666691418,0.009691888935444704
2021-03-15,-0.022274676555083972,0.005404294881357297,-0.007506135181618134,-7.509072446698628e-05,0.003277589248306123
2021-03-16,-0.014152620936729421,-0.0024636947002755205,0.027310874143392505,0.007366636294901419,0.0029558734470898074
2021-03-17,0.05129558026491288,0.024696908427848774,0.001226931996296976,-0.0029102452905470644,-0.004032955225023338
2021-03-18,-0.012989189540045576,-0.03472822341908799,0.011437978126383808,-0.008157372105185745,0.002180379805851951
2021-03-19,0.009279548946339089,-0.0054478426709708705,0.00545227568521689,0.01486472711636111,-0.0053613754259096424
2021-03-22,-0.028752831588028438,-0.0031952782579971473,0.024703629568366914,0.02453518366390206,0.016951844139483363
2021-03-23,-0.033390796958946756,-0.01831696463640109,-0.00764395996645173,0.012046367871268115,0.01858967706915604
2021-03-24,-0.006232131110124772,0.006996968465298625,-0.036737136028891726,-0.004660858037450866,-0.00030159385556705054
2021-03-25,0.0141550892953759,-0.004168955777667405,0.012302617834953233,0.005907448071927224,0.006940221203704189
2021-03-26,-0.001413362831810261,0.03488765767442614,0.030382882412631096,0.021986680694161098,0.014758521362250088
2021-03-29,-0.010261894673259664,-0.008765080509834045,0.021427128666196893,0.014786128242364027,0.015651864744009814
2021-03-30,0.04594202403620806,0.004307968067005508,-0.01116245298290719,-0.015675827138089793,-0.015410659190740361
2021-03-31,-0.01794560247888366,-0.004966790908486396,-0.02160373378568381,-0.007646893513509223,-0.00014768398073539135
2021-04-01,0.00591719030352178,0.010550267279230363,-0.0059677199484314825,-0.0012016766835053483,-0.008491284818613831
2021-04-05,0.05605539223561684,0.0031432670653934736,0.002401484986428004,0.013306894714675499,0.016160182247330068
2021-04-06,0.014744352952319018,0.0013429312536366034,0.0,0.0035621951686459763,0.000366623090757523
2021-04-07,-0.01792044713099672,0.022686614368059743,-0.010056327352565009,-0.001809260710201377,0.00175821807256904
2021-04-08,-0.012165093023718154,0.011692658837794134,-0.0095490601487348,-0.006066942980642254,0.003802845734082405
2021-04-09,0.0011648818690310758,0.014042076334903841,-0.013948726025535318,0.00021071338769562686,-0.006484090709606538
2021-04-12,-0.00831114135201605,-0.004580438125353581,0.015810396147506456,0.003156394884701985,0.004033195218364538
2021-04-13,-0.019611117875358852,-0.009844854442516593,0.0006143754638723298,0.00020966595190485826,-0.013219353671207967
2021-04-14,-0.00017094508994797142,0.001837095034595393,-0.008595975337877038,-0.006571065883095306,0.0036267006938122126
2021-04-15,0.0022229295658917625,0.06709830103486114,0.00908341624051312,0.0014073323246615033,0.012094411245665126
2021-04-16,0.0017062138212389222,0.02527298364871955,0.010638337065495662,0.012999529345265604,7.264223592318153e-05
2021-04-19,-0.014137308872373522,0.019719988019662127,0.005263094231474419,0.004092999040058221,-0.004662961550796707
2021-04-20,-0.036454742761807046,-0.018758527280042903,0.009665712073206212,0.006632036160809207,0.008344960368242615
2021-04-21,0.030840990473033347,-0.0006897771447925694,0.008177037231248185,0.008715857631976576,-0.006533634959461576
2021-04-22,-0.01443725083787073,-0.009072022419488346,-0.020178012136278456,-0.006191129240567639,-0.009927848376707127
2021-04-23,0.01535467133907975,0.00915507748770894,-0.015344350714039723,-0.0016431925143254311,-0.005125057723858184
2021-04-26,0.011819913769319568,-0.010156728369261292,-0.0174286953180276,-0.016937615052929456,-0.02000922798637106
2021-04-27,0.013056239125590174,0.003287429515189011,0.0020869507288312494,-0.003278259019228291,-0.0006094050072122936
2021-04-28,-0.007122363191080505,-0.012808931150358416,-0.00937116596443932,-0.0074184174965785665,0.001677131649207686
2021-04-29,-0.033817181454228296,0.005833728917332026,0.009459815465156174,0.014877172167532038,0.008447436135602393
2021-04-30,0.01149025780825541,-0.016699932772934023,-0.005622648440433142,0.001528023318974281,0.006867533969059592
2021-05-03,-0.0012233764179471196,-0.005593491391061356,0.013612572625115282,0.01130701812707069,0.011842466124477813
2021-05-04,-0.031671120246659856,-0.012886052436857143,-0.003099168661747642,-0.012552185361067614,-0.0034077784230560626
2021-05-05,0.040477144626513306,0.01947779645897807,0.012435213470881834,-0.000486326585030894,-0.00802717893098015
2021-05-06,0.019798535026402275,0.013922826751503248,0.019856645214500146,0.011606059847838912,0.01258799538258848
2021-05-07,0.004598029106880119,0.012929770247338102,-0.00541941992350925,0.0,7.401838783893666e-05
2021-05-10,-0.02678418052359821,-0.013655278425994566,0.012108878891883057,0.007969108479525477,0.018645881294991895
2021-05-11,-0.02926326106929844,-0.018659672167715913,-0.0023928179552750173,-0.007292746912932024,-0.004939229673769696
2021-05-12,-0.03534902641157678,-0.03813130546696053,-0.01658996655354239,-0.00974940643853428,-0.010584898182950941
2021-05-13,0.015625072762519787,0.02455105157170978,0.007316978419576348,0.014837298409449362,0.016083986254639138
2021-05-14,0.025641049154655704,0.021058072083495194,-0.005851511968855361,0.001503320867706881,0.002105617807992566
2021-05-17,0.0007142529467834002,-0.00040647504233615184,0.0018266666921409325,-0.002865165307359696,-0.0020288312645996287
2021-05-18,-0.002676691464745251,-0.002439280220129847,-0.011142581646526373,-0.0045152447203612445,-0.010237405425971291
2021-05-19,-0.006441204412675372,-0.013754431930883437,-0.009834119407730824,-0.0005498016902194536,0.0020539832481125675
2021-05-20,-0.000360183849822282,0.018698411007435523,0.010966370660415281,0.012377064326276388,0.010248983351543783
2021-05-21,0.021798037862280628,-0.0014197855211824928,0.0002047219228782371,-0.0008829766270050943,0.0
2021-05-24,-0.002115830211263159,0.01695941110315924,-0.004706384249554163,0.0050984706572512195,-0.0002899375196335763
2021-05-25,0.0028268617601858725,-0.006291222897600646,-0.004728554897886261,0.003043674558048437,0.003406818337832407
2021-05-26,0.023255902324694544,0.0015074804691297405,-0.0010329554904230376,0.0,-0.002239569875780556
2021-05-27,0.029097770567501513,0.0004013791406287659,-0.01116623609150258,-0.012070062858417607,-0.022733726410328337
2021-05-28,-0.007696170080377596,-0.010631962858576816,0.017774933631677703,0.00976058522112111,-0.00096284181227968
2021-06-01,0.005732555840241016,0.04268051754103963,0.004109413599595824,-0.002095665019835158,-0.014608789991869209
2021-06-02,0.0,-0.020029124450058777,0.016165282968871875,0.003996683747760521,0.004364624107251247
2021-06-03,0.06387255242846401,0.008631767577705007,-0.004832856036603106,0.003567618939870343,0.01790776225866808
2021-06-04,-0.0014181360826779343,0.018394730657019798,0.0052610473962175774,0.0011512167147202934,0.0007363155458894877
2021-06-07,-0.0022092371017877754,-0.00666478436425999,-0.0044283069924873075,-0.0006086515422548677,0.0034570687270865097
2021-06-08,0.01091251289377082,0.0104044650365136,-0.0068743687289745115,-0.009340302200990358,-0.0115817453782886
2021-06-09,-0.017991272711584405,0.00048124102279945014,-0.0651465116815817,-0.0018444029224018443,-0.00037091531010369216
2021-06-10,-0.0227815367940718,-0.0016351893911458193,-0.004355245421399534,0.01026687799829884,0.007418784590961458
2021-06-11,0.0024454154832862507,0.0018304952706562627,0.008529990182562175,0.0006100774808217579,-0.006848502908068155
2021-06-14,-0.011383974793978457,-0.011925345695678491,-0.006289239512038969,0.005958391550416886,0.0003709201031756315
2021-06-15,0.0003290180626038808,0.0011678085110684577,-0.009821201995003137,6.697053372373141e-05,-0.0019273996840605268
2021-06-16,0.0156223626012848,-0.0010692616559807577,0.003306325182656611,-0.009960820526979441,-0.013887793044906394
2021-06-17,-0.02720201057986582,-0.03017025444990118,0.0037345562710398017,0.009653337285190355,0.009112614550147002
2021-06-18,-0.021970787075518916,-0.01083792774720116,-0.009192369455499505,-0.020872792046510935,-0.01462790503619682
2021-06-21,0.009189930116573652,0.014507379376197616,0.006184981503006837,0.007839434632480602,0.007877161108430952
2021-06-22,-0.001011725546404496,-0.0023999288722797996,0.0008782145379098161,0.0015009185889804932,0.00037548519367436306
2021-06-23,0.014854731107580177,-0.005413028246938345,-0.008115683273794194,-0.013148538048900038,-0.0014272050293464567
2021-06-24,-0.0013306751009170004,-0.0014109772437940205,-0.00044231163809982377,0.005660738280135469,0.0006769979449749997
2021-06-25,0.004330472545993391,0.004239072128379595,0.012389300720652363,0.005080012714676174,0.014283567502505257
2021-06-28,-0.027529005458254097,0.002512534301239544,0.0021853710542532045,0.004302943497062506,0.00296460677795074
2021-06-29,0.0032401740598491102,0.024561299630598832,-0.005015196591851012,-0.0006800683900686222,-0.006798369349930722
2021-06-30,0.005779328080112833,-0.02475538821193768,-0.0008767643368683409,0.008370829568735472,0.003943373161402253
2021-07-01,-0.0010140134075250495,-0.009832406554230011,0.0028517377367243135,0.00020243196525693286,0.0022973637799947877
2021-07-02,-0.0025376718447439606,0.00689027131518416,-0.0013126022798978232,0.004790789308584342,0.004880169925541189
2021-07-06,-0.025441018769558177,-0.01006336555114773,-0.00262802748874269,0.001477556515509626,0.0005885982185585004
2021-07-07,-0.015140961003666797,0.011385514224427684,0.011857599521594375,0.004425589891522197,0.00750133982158574
2021-07-08,-0.009365506438096527,-0.004925097736475648,-0.004774180345923806,0.0004675552653010673,-0.00014602691959153535
2021-07-09,0.04816256626648574,0.01262620039070339,-0.004797350217007446,-0.0025358659476197865,0.00036512061641791327
2021-07-12,0.0035739418248137422,-0.031122139430190265,-0.001971951655529214,0.0002006578950910498,0.0008023834851464962
2021-07-13,-0.004069940484451862,-0.034695762238569516,-0.010402897766537134,0.02307555133237904,-0.0012394914979071414
2021-07-14,-0.012429767566920602,-0.0038396449467441585,-0.007604492655049588,0.01032912732225899,0.007373973523756572
2021-07-15,-0.018103399044023027,0.002569686123948589,0.015551148467666698,0.004594352051550121,0.0085520584046892
2021-07-16,-0.02616330146198631,-0.014416972381832704,0.0104305107100644,0.003671635395457118,0.009701155891037594
2021-07-19,-0.023079680124182378,0.0063929091676615535,0.008346130221814851,-0.00012832902487402986,-0.0004983268160453358
2021-07-20,0.03636030041100069,0.026808861509227233,-0.013722426932210374,0.00012834549532625417,-0.005340384458972336
2021-07-21,0.016028479526824624,0.008807704806396588,-0.015238522672604393,-0.0037222649928235763,-0.003507841073501883
2021-07-22,-0.024715226265547452,-0.002806339434937133,-0.007176670417859077,-0.0003220212104637632,-0.0038311556228047827
2021-07-23,-0.01258088893568321,0.006358164472795025,0.006776654219432521,0.012822855039522851,0.014441022514540602
2021-07-26,0.01510741633169066,-0.0009323158332744663,-0.0013460076772896512,-0.0006998051157475205,0.0035053295621096936
2021-07-27,-0.013806746570257489,-0.003731924844812884,0.0040438303860408364,0.005539220117988242,0.00406328446694304
2021-07-28,0.008909155576644734,-0.0021851792997336084,-0.01320201894956663,-0.009181007073855607,-0.01483849288866046
2021-07-29,0.0322580600380975,0.009385598571018061,-0.0036281599115116636,0.002044885209778302,0.005188817352196562
2021-07-30,-0.007681480946546415,-0.0017562393895910189,-0.005006862563220915,0.0008927345779459195,0.019716026140749632
2021-08-02,0.0033425797663235723,-0.0034156058906473774,-0.009377747858585361,-0.004013876282872975,-0.0024607727683197966
2021-08-03,0.014904479556147932,0.02222467866538924,0.00092363175681065,0.002238883676820125,0.014589744102600832
2021-08-04,-0.08914993720963782,-0.010565944498949542,-0.020761320202033806,-0.01672297958666502,-0.010559251864208141
2021-08-05,0.032625153984590094,0.00975466349191878,-0.00518250809560683,0.0016877590387183172,0.0004915760612926867
2021-08-06,0.01120503093359404,0.002033753450210618,0.0016574522434675831,0.00012948045679794795,-0.007649157215574465
2021-08-09,-0.019981862465378142,-0.0004061014255137829,0.0068558837346226476,0.00012977666000146826,0.005444979235950109
2021-08-10,0.00574602972669247,-0.0008119716803132171,-0.0018783968916235017,0.0005182048125247363,0.0006332827286006371
2021-08-11,0.00018434261803990104,0.019812997675628274,0.0075277276266687565,0.003949890694356917,0.002459967907386451
2021-08-12,0.00644917016754909,0.0013948107376353658,-0.005603613245762196,0.0001936696906830182,0.0023138608391952697
2021-08-13,-0.017759007294571805,-0.0047755809272777006,0.013853069844967258,0.009350617852804888,0.004826771331203572
2021-08-16,-0.013047470408169115,-0.003798918295786602,0.006021304853906617,0.009775014207869415,0.006962051384167278
2021-08-17,-0.046836742672905274,-0.018364264259481455,0.010589416956412023,-0.0009489897629104682,0.0016593665254671652
2021-08-18,0.007331114447528986,-0.008791652486799029,-0.025512634300444814,-0.01025976302274223,-0.010905789142570343
2021-08-19,-0.03461833917426893,-0.007632125663328937,0.00981771359939465,0.016828894579963727,0.011793663748953298
2021-08-20,-0.005704944997167116,0.023695652209592355,0.0018517791118639604,-0.003524052063125116,0.0006895677772364994
2021-08-23,-0.012705005302960148,0.016446735291059555,-0.017560042035897117,-0.003157373846626732,-0.005100235568891498
2021-08-24,0.02885020160191143,0.006192714219117601,-0.011759235832979331,-0.012416956376949617,-0.008105469173016022
2021-08-25,0.002622569560291277,0.013102882908571978,-0.021656302754656465,-0.004425982910573056,-0.003561746608513605
2021-08-26,-0.02173046945684487,-0.004996970700628878,-0.016541128713876363,-0.003672920638938426,-0.001752402220473681
2021-08-27,0.02426988423062748,-0.04529788599394302,0.0239922267699495,0.0020048240721324273,-0.0007722574503706836
2021-08-30,-0.012650660274875714,0.012377472599161665,-0.010628092747239637,0.0068412106959263586,0.004356599927806792
2021-08-31,-0.003254024291680646,-0.007029948235948269,0.018799058500969412,0.0025001480995880954,-0.003778074760136363
2021-09-01,0.0020405029421277643,-0.0072851001193888765,0.02060849568565626,0.009719311513250783,0.010183334934097177
2021-09-02,-0.003257999576339321,0.0033074497600373842,0.005165567622907652,0.0007330704815151634,0.0007646336217874694
2021-09-03,-0.0026557870120661464,0.0007211958282571374,0.005606136481544288,0.0008922848738153188,0.0006948839987004352
2021-09-07,-0.0020484441055221847,-0.011632749127259312,-0.003948812541449742,-0.016296503800027007,-0.0037488107581808983
2021-09-08,0.005131503523180259,-0.011665461957408918,0.0032648444342240346,0.014171797094178817,0.00759532362406401
2021-09-09,-0.011231420701848793,0.015702419095536824,-0.00511384155064909,-0.006316788096400017,-0.004218529285886952
2021-09-10,0.022098347078447045,-0.011828115908736003,0.008177462391602441,-0.0017336558730056684,0.0009722777253644566
2021-09-13,0.026874108277634923,0.03832424769587006,0.015759021726654776,0.001929526758336353,0.010754190487896942
2021-09-14,-0.0015741869416528997,-0.014662766198601407,-0.010723222184845005,-0.0039162979096651895,-0.0017160845757970833
2021-09-15,0.021284992375498968,0.030788234124352165,0.014760130327754695,0.005607623622494451,-0.00213167785073598
2021-09-16,-0.0057893393120532766,0.009557896107220465,-0.010909032197052748,-0.0029485216549642868,-0.006959656090574584
2021-09-17,-0.00368781264267104,-0.00857984057900707,-0.007582679328407282,-0.009192539228750962,0.0015959355876169479
2021-09-20,-0.03818434576060936,0.0033819611667476046,-0.013660713991989093,-0.003373726617654116,-0.010045760192686659
2021-09-21,0.0,-0.015167998932892779,-0.00892007666200112,-0.00045563483506838587,0.001539659010747263
2021-09-22,0.02855985134972161,-0.0007047158654146513,0.003315977981298568,0.0030609248073318884,0.003424121549369108
2021-09-23,0.02244977800215131,0.03445146873340321,-0.0018885957547373211,0.000779222855763928,0.00410867948492788
2021-09-24,0.005970691557814378,0.011588348615148236,0.003547661408560554,0.00045420139401852744,-0.00443878649892826
2021-09-27,0.019337673528215582,0.00953015321535311,-0.004006513981706261,-0.00959777768421799,-0.013166093503466647
2021-09-28,-0.007325434943178277,0.004004952826548225,-0.004732518016392295,-0.01093519650874486,-0.0075534941078445605
2021-09-29,0.001513794462975282,0.0008548504570402571,0.018782652405399336,0.008275426064501046,0.010171622320960028
2021-09-30,-0.004156424171236517,-0.01271582010798078,-0.02427070550628818,-0.012409636542906943,-0.015631455955566143
2021-10-01,0.007968090518244875,0.016724256653535052,-0.0066969905487320736,0.0035900567473270417,-0.001573919091796827
2021-10-04,0.01599853970880738,-0.005104895266715204,0.013965797022740034,-0.004968417992872287,-0.005660062456416148
2021-10-05,0.006669115912072865,0.006556341401835919,0.010686239757574212,0.0059253975647082235,0.0038911193552690904
2021-10-06,-0.007545076892435665,-0.004059244985054278,0.0073477659249048255,0.025613986478470352,0.01334956748998506
2021-10-07,0.04654176598723381,0.014691987750701907,-0.007058871207439199,0.009228130091166742,0.008003333056638473
2021-10-08,0.03773921862613161,-0.018589488406805077,0.00023687625447155192,-0.0023020926292954824,-0.004145632930564802
2021-10-11,-0.008195274603019942,0.0013325448796306372,-0.008054936174870186,0.0013459090891854153,0.004162890747534176
2021-10-12,0.014976685599002115,-0.01378320567783864,-0.002627232643156563,0.00441619715787267,-0.0014755298946885764
2021-10-13,-0.020183180352062458,-0.0006747612136051018,-0.0059864226677288634,0.006754840024454811,0.002322164537592819
2021-10-14,-0.001384871644026342,0.022376667260445293,-0.00048182132727325744,0.008038325183101769,0.011303090306761465
2021-10-15,0.005373586002078268,0.016132023918209892,-0.007953884251076349,-0.0028253826189570397,0.002568472948950129
2021-10-18,-0.019137867605555248,0.008727086230394532,-0.007288484649862981,-0.004533924283696034,-0.01440252901015815
2021-10-19,-0.0007030790053635938,0.019880487135742753,-0.000978873797767399,0.012714351951500946,-0.011802693787312468
2021-10-20,0.014423836168212523,0.0073999644139297605,0.011268719501603242,0.007557745540585525,0.003910171266755302
2021-10-21,0.012831674598584364,0.012093500168948612,-0.015746054907494922,-0.013204413399597437,-0.007196757156167077
2021-10-22,-0.010957052742190942,0.013807763271924234,0.00172299890554517,0.004962977324301843,0.010765660223380324
2021-10-25,-0.00017307562044543978,-0.019643709378354468,-0.012284864579355625,-0.004688370735442371,0.00014210831029259907
2021-10-26,-0.006752051194441888,-0.018523571030368058,0.01417908804244461,0.012247203333623835,0.014199648512911
2021-10-27,-0.0542095966733287,-0.016513951690234285,-0.021094166876745035,-0.003474595105147693,-0.00714057527943901
2021-10-28,-0.0003685432702593694,0.015591934696753462,0.007015726043652082,0.006288543000052105,0.005993087586596113
2021-10-29,0.003502948936092265,-0.0008175808429862208,-0.005971555856746691,-0.0001238708411007705,0.0021728902321342947
2021-11-01,0.019474545672361288,0.013819434129776154,0.011514323928966563,-0.002103789314321647,-0.0024478793477521466
2021-11-02,0.0018021479738121737,-0.03375904035566046,-0.0007421068245445639,0.009177683340722442,0.00995529117039995
2021-11-03,0.007375417924875505,0.010803871377472296,0.029469927385552097,0.009585801560800133,0.0068719955067126914
2021-11-04,0.04714282658605584,-0.011413115861106271,-0.014674145640965697,6.092515529587672e-05,0.0018614390676128245
2021-11-05,-0.00204635658413721,0.03280199168595632,-0.0056152497741776,0.010285408204814495,0.0049545417016032545
2021-11-08,0.018455172163239775,-0.014726806986758434,0.001964292771608145,-0.021506054782021722,-0.007463692144165868
2021-11-09,-0.01644300742925764,0.009904535810242088,0.011516523731543105,0.006648974788926454,0.003035430986569443
2021-11-10,0.011088433219793581,0.009629132359018522,0.003149386456507308,0.003241505033936276,0.00983570732408734
2021-11-11,0.04302344600209018,-0.007594509928101512,-0.01159124862478067,-0.008229743446574789,-0.0028605676747605058
2021-11-12,0.025558115560061268,-0.003381344026381239,0.015147625564342793,-0.00024581744226603863,0.0010927418973025738
2021-11-15,-0.006782281492353381,0.012499999999999956,0.00433212080310974,0.007070390089538581,0.005731393898436243
2021-11-16,-0.005716990236362518,0.0,-0.0083871319262524,-0.0029916141088210946,-0.0014244398287948101
2021-11-17,0.03194372641313281,-0.012345679012345734,0.005074920329955379,0.0003673753100097432,-0.0006116388706569609
2021-11-18,-0.03528870487586366,-0.001785775541707113,-0.014426544912305439,0.00030616416722328843,0.00013583443450571053
2021-11-19,-0.008503094078983753,-0.01574233673820924,-0.010002542753104526,0.002386429806487733,-0.0020389726896146154
2021-11-22,0.036569553411064826,0.001999283382817074,0.011828527896773577,0.0020756017663747794,0.006674766435267987
2021-11-23,-0.015766452585745605,-0.008343997261207159,0.0109595966129854,0.006701267281027379,0.011096236016506777
2021-11-24,-0.013639984149156792,0.04810683673402161,-0.00385447367224534,-0.009137520800850507,-0.0052194956136703
2021-11-26,-0.032481134519436905,-0.01954624898865953,0.004111328288469052,-0.01587908768098234,-0.008004945908414052
2021-11-29,-0.005152041126713858,0.02474202466259623,-0.0077073806449287074,0.018617518233833508,0.010510804482051217
2021-11-30,-0.03324427280767139,-0.019107272045885804,-0.021116347815079317,-0.02656266302525978,-0.029794620076331824
2021-12-01,0.003283286923483786,-0.013635559255941732,-0.010414193932967941,0.0023782469465787326,0.012588061047356991
2021-12-02,0.05098172618310404,0.026032419690471986,0.01528439715353791,0.00964876390750069,0.005874249569841616
2021-12-03,-0.021468349137956033,0.023272019564496205,0.015054400549169955,0.0254638749129803,0.017791855738271023
2021-12-06,0.0021772027463213828,0.004617011991324471,0.00413312370439356,0.010382012906856586,0.01514527658540299
2021-12-07,0.028241953731020786,0.0027233068348271328,-0.004358344404015946,-0.0011418416634774164,-0.0026289277351195794
2021-12-08,-0.012189195941099462,-0.008657177261433002,0.017266593156681775,0.0017447227868629955,0.004480841760680754
2021-12-09,-0.01908523755965419,-0.012842563148227182,0.008367273411197917,-0.0012613378765914396,0.005838915672058631
2021-12-10,0.06021472714455811,-0.0008672630717190266,0.022996666799917076,0.015994354630297636,0.013957844099491634
2021-12-13,-0.06454677406274045,-0.03263880020516108,0.011819193533931571,0.004971350369234573,0.014215763799553693
2021-12-14,-0.012345683033129218,-0.01956217687530204,-0.013513509776813981,-0.0024734259175078765,0.0036784542468062398
2021-12-15,0.0035959069551489975,0.025809942451823664,0.009751577151851487,0.012869720951166563,0.003854670572319252
2021-12-16,-0.003753683549645004,-0.018736546434947154,0.015865666171341664,0.001457130417708452,0.014163673732588977
2021-12-17,-0.05531768120706604,-0.00618292149517885,-0.02399278663366644,-0.0204865262258207,-0.02265544109477513
2021-12-20,-0.02030447637343702,-0.019213174145401357,0.0023193430805097393,0.006654854856101844,0.0025401714833317435
2021-12-21,0.013878559415696046,0.034514838936948955,-0.02128668136877665,-0.0029513372939496962,-0.0006334843090498588
2021-12-22,0.02354447005259419,-0.0014426897296860863,-0.007801195984868503,0.006215956827928748,0.009888558905530864
2021-12-23,0.014800241586139018,0.009210732975116542,-0.0002383660858179537,-0.0011178997874747854,0.004895916395874167
2021-12-27,0.009137289170716434,0.012884651125149249,0.005243098347055941,0.009954109481265183,0.011680092964614586
2021-12-28,-0.005572013261665232,0.006183817102805023,0.027975429897136195,0.005190465105874509,0.005371344878511097
2021-12-29,0.0021012466798993046,0.0017559163178364479,-0.0032287542052042983,0.0035390468228657657,0.008290301861550775
2021-12-30,0.015726002406215134,-0.009465411972812143,-0.0016197460790106089,-0.001734403886357594,-0.00864846158564092
